group,mean_clip_score,mean_identity_similarity,mean_sharpness
personalized,0.28842102487881977,0.7694565057754517,37.92012163550847
general_man,0.31844324866930646,,36.554587209459896
all,0.298428432808982,0.7694565057754517,37.46494349349228
